<?xml version="1.0" encoding="UTF-8"?>
<project-private xmlns="http://www.netbeans.org/ns/project-private/1">
    <editor-bookmarks xmlns="http://www.netbeans.org/ns/editor-bookmarks/2" lastBookmarkId="0"/>
    <open-files xmlns="http://www.netbeans.org/ns/projectui-open-files/2">
        <group>
            <file>file:/C:/Users/Maarten/Documents/IIW/Ma/Cloud%20computing/Taak/cloudComputing_Baeten-Lenaerts/BaetenMaarten_LenaertsNils/routes/web.php</file>
            <file>file:/C:/Users/Maarten/Documents/IIW/Ma/Cloud%20computing/Taak/cloudComputing_Baeten-Lenaerts/BaetenMaarten_LenaertsNils/public/functions.js</file>
            <file>file:/C:/Users/Maarten/Documents/IIW/Ma/Cloud%20computing/Taak/cloudComputing_Baeten-Lenaerts/BaetenMaarten_LenaertsNils/app/Http/Controllers/homebrewController.php</file>
            <file>file:/C:/Users/Maarten/Documents/IIW/Ma/Cloud%20computing/Taak/cloudComputing_Baeten-Lenaerts/BaetenMaarten_LenaertsNils/public/styles.css</file>
            <file>file:/C:/Users/Maarten/Documents/IIW/Ma/Cloud%20computing/Taak/cloudComputing_Baeten-Lenaerts/BaetenMaarten_LenaertsNils/resources/views/homebrew/foundHomebrewItems.blade.php</file>
        </group>
    </open-files>
</project-private>
