<?xml version="1.0" encoding="UTF-8"?>
<project-private xmlns="http://www.netbeans.org/ns/project-private/1">
    <editor-bookmarks xmlns="http://www.netbeans.org/ns/editor-bookmarks/2" lastBookmarkId="0"/>
    <open-files xmlns="http://www.netbeans.org/ns/projectui-open-files/2">
        <group>
            <file>file:/C:/Users/Maarten/Documents/IIW/Ma/Cloud%20computing/Taak/cloudComputing_Baeten-Lenaerts/homebrewAPI/app/Http/Controllers/homebrewController.php</file>
            <file>file:/C:/Users/Maarten/Documents/IIW/Ma/Cloud%20computing/Taak/cloudComputing_Baeten-Lenaerts/homebrewAPI/routes/api.php</file>
            <file>file:/C:/Users/Maarten/Documents/IIW/Ma/Cloud%20computing/Taak/cloudComputing_Baeten-Lenaerts/homebrewAPI/app/Http/Middleware/VerifyCsrfToken.php</file>
        </group>
    </open-files>
</project-private>
